Source IP,Destination IP,Destination Port,Bwd Packet Length Min,Bwd Packet Length Max,Bwd Packet Length Mean,Bwd Packet Length Std,Packet Length Variance,Packet Length Mean,Packet Length Std,Min Packet Length,Max Packet Length,Average Packet Size,Total Length of Fwd Packets,Total Length of Bwd Packets,Bwd Packets/s,Fwd Packets/s,Init_Win_bytes_forward,Fwd Packet Length Min,Fwd Packet Length Max,Fwd Header Length,Bwd Header Length,Subflow Fwd Packets,Subflow Bwd Packets,Subflow Bwd Bytes,Avg Bwd Segment Size,Flow IAT Std,Fwd IAT Max,URG Flag Count,ACK Flag Count,PSH Flag Count,SYN Flag Count,FIN Flag Count,Active Min,Idle Std,Flow IAT Mean,Flow IAT Max,Fwd IAT Std,Fwd Packet Length Mean,Avg Fwd Segment Size,Flow Bytes/s
44.195.138.138,192.168.0.107,34398,101,101,101.0,0.0,367.0,88.0,19.157244060668017,66,101,88.0,163,101,3.8148208783093036,7.629641756618607,209,66,97,418,496,2,1,101,101.0,0.18500274860159913,0.26213550567626953,0,3,2,0,0,0.0002510547637939453,0.18500274860159913,0.13106775283813477,0.2618844509124756,0.0,81.5,81.5,1007.1127118736562
192.168.0.107,142.250.77.165,443,66,2866,1137.3585699263933,563.1649423968968,454897.15784248844,829.4166666666666,674.4606421745367,66,2866,829.4166666666666,172450,1081628,229.71191177753647,135.50828865110196,610,66,1466,2834901,670476,561,951,1081628,1137.3585699263933,0.02171334722378927,0.44959545135498047,0,1512,450,0,0,5.245208740234375e-06,0.02171334722378927,0.002739886271882578,0.4494748115539551,0.036572574987594135,307.39750445632797,307.39750445632797,302919.7212388532
98.130.8.249,192.168.0.107,36798,66,66,66.0,0.0,0.0,66.0,0.0,66,66,66.0,66,66,13148.288401253918,13148.288401253918,27,66,66,27,629,1,1,66,66.0,0.0,0.0,0,2,0,0,0,7.605552673339844e-05,0.0,7.605552673339844e-05,7.605552673339844e-05,0.0,66.0,66.0,1735574.0689655172
192.168.0.107,142.250.195.49,443,66,1466,721.2222222222222,657.1757333046044,347757.3391812866,476.6842105263158,589.7095379772032,66,1466,476.6842105263158,2566,6491,83.45286689540518,92.72540766156132,64240,66,1466,69177,73886,10,9,6491,721.2222222222222,0.012388466744712105,0.05205082893371582,0,18,5,2,0,8.344650268554688e-06,0.012388466744712105,0.0059914059109157985,0.04142880439758301,0.021051147400438383,256.6,256.6,83981.40171907608
