{"learner":{"attributes":{"scikit_learn":"{\"_estimator_type\": \"classifier\"}"},"feature_names":["Bwd Packet Length Min","Init_Win_bytes_forward","Bwd Packets/s","Average Packet Size","Destination Port","Packet Length Std","Bwd Packet Length Std","Bwd Packet Length Mean","Bwd Packet Length Max","PSH Flag Count","Avg Bwd Segment Size","Bwd Header Length","Packet Length Variance","Min Packet Length","Packet Length Mean","Fwd Packet Length Max","Subflow Bwd Bytes","Max Packet Length","Fwd Packet Length Min","Fwd Header Length","Fwd IAT Max","URG Flag Count","Total Length of Fwd Packets","Total Length of Bwd Packets","Flow IAT Std","Subflow Bwd Packets","Subflow Fwd Packets","Active Min","ACK Flag Count","Idle Std"],"feature_types":["int","int","float","float","int","float","float","float","int","int","float","int","float","int","float","int","int","int","int","int","int","int","int","int","float","int","int","int","int","float"],"gradient_booster":{"model":{"gbtree_model_param":{"num_parallel_tree":"1","num_trees":"3"},"iteration_indptr":[0,1,2,3],"tree_info":[0,0,0],"trees":[{"base_weights":[-2.8450337E-8,-5.9844214E-1,1.9444897E0,9.5134515E-1,-1.904428E0,-7.206228E-2,1.9563506E0,1.5252413E0,-1.2605159E0,1.2147081E0,-1.9662352E0,1.9464307E-1,5.880913E-1,-1.5165317E0,1.622501E0,-4.831251E-2,-1.9513491E0,1.4720641E0,-7.206228E-2,-1.9795725E0,-2.4740319E-1,-6.0723998E-2,-5.336035E-1,1.6770105E0,-4.9366555E-1,-1.1736106E0,1.4999958E0,-5.972098E-1,-7.206228E-2,4.920293E-1,1.935715E-1,-1.9906977E0,-7.5386995E-1,3.542395E-1,-4.0653297E-1,5.303135E-1,3.567029E-2,2.3422071E-1,-4.2169067E-1,4.8691782E-1,6.1290395E-2,-5.99257E-1,-1.4519852E-1,3.2799572E-1,-4.6632913E-1],"categories":[],"categories_nodes":[],"categories_segments":[],"categories_sizes":[],"default_left":[0,0,0,0,0,0,0,0,0,0,0,0,0,0,0,0,0,0,0,0,0,0,0,0,0,0,0,0,0,0,0,0,0,0,0,0,0,0,0,0,0,0,0,0,0],"id":0,"left_children":[1,3,5,7,9,-1,11,13,15,17,19,-1,-1,21,23,25,27,29,-1,31,33,-1,-1,35,-1,37,39,-1,-1,-1,-1,41,43,-1,-1,-1,-1,-1,-1,-1,-1,-1,-1,-1,-1],"loss_changes":[1.2445059E3,1.6570123E3,6.9917603E0,4.774983E2,8.801074E1,0E0,2.2766113E-2,9.0598694E1,6.499914E1,3.8162823E0,9.50293E0,0E0,0E0,2.9979782E0,5.427307E1,5.2710087E1,2.854004E0,5.296898E-2,0E0,4.3953857E0,8.717793E0,0E0,0E0,4.0056152E1,0E0,9.030972E0,1.7009392E0,0E0,0E0,0E0,0E0,3.4337158E0,9.831078E0,0E0,0E0,0E0,0E0,0E0,0E0,0E0,0E0,0E0,0E0,0E0,0E0],"parents":[2147483647,0,0,1,1,2,2,3,3,4,4,6,6,7,7,8,8,9,9,10,10,13,13,14,14,15,15,16,16,17,17,19,19,20,20,23,23,25,25,26,26,31,31,32,32],"right_children":[2,4,6,8,10,-1,12,14,16,18,20,-1,-1,22,24,26,28,30,-1,32,34,-1,-1,36,-1,38,40,-1,-1,-1,-1,42,44,-1,-1,-1,-1,-1,-1,-1,-1,-1,-1,-1,-1],"split_conditions":[1.2991721E3,7.6666665E0,1.0537803E3,2.8E1,5.3E1,-7.206228E-2,1.1086392E3,2.5E2,8.8E1,4.5454546E3,9.96E7,1.9464307E-1,5.880913E-1,8.8E1,2.9886E4,4.8291515E1,2.32599E5,2.8391588E0,-7.206228E-2,1.23E7,7.75E1,-6.0723998E-2,-5.336035E-1,3.5022E4,-4.9366555E-1,2.31E2,2.6E2,-5.972098E-1,-7.206228E-2,4.920293E-1,1.935715E-1,1.87E2,2.9804267E-2,3.542395E-1,-4.0653297E-1,5.303135E-1,3.567029E-2,2.3422071E-1,-4.2169067E-1,4.8691782E-1,6.1290395E-2,-5.99257E-1,-1.4519852E-1,3.2799572E-1,-4.6632913E-1],"split_indices":[6,3,5,11,4,0,5,1,4,2,20,0,0,4,1,2,20,2,0,29,3,0,0,4,0,1,1,0,0,0,0,18,2,0,0,0,0,0,0,0,0,0,0,0,0],"split_type":[0,0,0,0,0,0,0,0,0,0,0,0,0,0,0,0,0,0,0,0,0,0,0,0,0,0,0,0,0,0,0,0,0,0,0,0,0,0,0,0,0,0,0,0,0],"sum_hessian":[1.0674713E3,8.1678674E2,2.5068456E2,3.7365244E2,4.431343E2,1.2496737E0,2.4943488E2,2.969225E2,7.6729965E1,8.247847E0,4.3488647E2,1.2496737E0,2.4818521E2,8.747716E0,2.8817477E2,2.8242626E1,4.8487343E1,6.9981728E0,1.2496737E0,4.3138736E2,3.4990864E0,1.7495432E0,6.9981728E0,2.8392587E2,4.248891E0,1.6495693E1,1.1746933E1,4.7237667E1,1.2496737E0,4.998695E0,1.999478E0,4.2688855E2,4.4988256E0,1.4996085E0,1.999478E0,2.6818E2,1.5745889E1,1.4996085E0,1.4996085E1,1.0497259E1,1.2496737E0,4.2463913E2,2.2494128E0,1.2496737E0,3.2491517E0],"tree_param":{"num_deleted":"0","num_feature":"30","num_nodes":"45","size_leaf_vector":"1"}},{"base_weights":[1.2362452E-3,-4.567263E-1,1.5177109E0,7.2115487E-1,-1.4556116E0,-6.005595E-2,4.584004E-1,1.1590766E0,-9.535695E-1,9.596285E-1,-1.5052761E0,4.7152898E-1,1.520837E0,-2.068881E-2,-1.5013956E0,-4.342275E-2,1.194214E0,-1.5159038E0,-1.9029193E-1,1.330596E0,-6.26413E-1,1.5457829E0,-2.8725427E-1,-8.6466885E-1,1.1640599E0,-4.5999297E-1,-6.005595E-2,4.1485426E-1,5.538617E-1,-1.5300692E0,-8.110352E-1,2.977857E-1,-3.3362615E-1,-4.9073943E-1,4.2942673E-1,3.2041427E-2,4.6873024E-1,-3.1833062E-1,2.1446572E-1,1.0644683E-1,4.292032E-1,2.572827E-1,4.165184E-4,-4.6176842E-1,-1.7263581E-1,2.2171496E-1,-3.7578276E-1],"categories":[],"categories_nodes":[],"categories_segments":[],"categories_sizes":[],"default_left":[0,0,0,0,0,0,0,0,0,0,0,0,0,0,0,0,0,0,0,0,0,0,0,0,0,0,0,0,0,0,0,0,0,0,0,0,0,0,0,0,0,0,0,0,0,0,0],"id":1,"left_children":[1,3,5,7,9,-1,-1,11,13,15,17,19,21,23,25,-1,27,29,31,33,-1,35,-1,37,39,-1,-1,-1,41,43,45,-1,-1,-1,-1,-1,-1,-1,-1,-1,-1,-1,-1,-1,-1,-1,-1],"loss_changes":[6.8656213E2,8.944064E2,4.359375E0,2.5713123E2,5.0768005E1,0E0,0E0,6.82262E1,3.7230675E1,2.477456E0,5.3478394E0,2.1609192E2,1.2681122E1,2.899322E1,1.6000519E0,0E0,1.334219E-1,2.7521362E0,5.8764744E0,2.424826E1,0E0,4.140045E0,0E0,6.0081987E0,2.0965881E0,0E0,0E0,0E0,5.630394E-1,2.5319824E0,7.775072E0,0E0,0E0,0E0,0E0,0E0,0E0,0E0,0E0,0E0,0E0,0E0,0E0,0E0,0E0,0E0,0E0],"parents":[2147483647,0,0,1,1,2,2,3,3,4,4,7,7,8,8,9,9,10,10,11,11,12,12,13,13,14,14,16,16,17,17,18,18,19,19,21,21,23,23,24,24,28,28,29,29,30,30],"right_children":[2,4,6,8,10,-1,-1,12,14,16,18,20,22,24,26,-1,28,30,32,34,-1,36,-1,38,40,-1,-1,-1,42,44,46,-1,-1,-1,-1,-1,-1,-1,-1,-1,-1,-1,-1,-1,-1,-1,-1],"split_conditions":[1.2991721E3,7.6666665E0,1.0537803E3,2.8E1,5.3E1,-6.005595E-2,4.584004E-1,6E0,8.8E1,4E0,9.96E7,8.8E1,2.9886E4,4.8291515E1,2.32599E5,-4.342275E-2,1.3863622E1,9.906447E2,7.75E1,5.2E1,-6.26413E-1,2.54E2,-2.8725427E-1,4E0,1.71E2,-4.5999297E-1,-6.005595E-2,4.1485426E-1,2.6232347E0,1.23E7,2.266E3,2.977857E-1,-3.3362615E-1,-4.9073943E-1,4.2942673E-1,3.2041427E-2,4.6873024E-1,-3.1833062E-1,2.1446572E-1,1.0644683E-1,4.292032E-1,2.572827E-1,4.165184E-4,-4.6176842E-1,-1.7263581E-1,2.2171496E-1,-3.7578276E-1],"split_indices":[6,3,5,11,4,0,0,17,4,20,20,4,1,2,20,0,5,6,3,19,0,1,0,3,20,0,0,0,2,29,17,0,0,0,0,0,0,0,0,0,0,0,0,0,0,0,0],"split_type":[0,0,0,0,0,0,0,0,0,0,0,0,0,0,0,0,0,0,0,0,0,0,0,0,0,0,0,0,0,0,0,0,0,0,0,0,0,0,0,0,0,0,0,0,0,0,0],"sum_hessian":[9.865885E2,7.582901E2,2.282984E2,3.4809546E2,4.1019464E2,1.2495065E0,2.2704889E2,2.7618427E2,7.1911194E1,7.8956957E0,4.0229895E2,9.601168E1,1.8017259E2,2.6989372E1,4.4921825E1,1.4504268E0,6.445269E0,3.9892203E2,3.376915E0,7.224448E1,2.3767204E1,1.7874966E2,1.4229313E0,1.5919183E1,1.10701885E1,4.367232E1,1.2495065E0,4.0829988E0,2.3622704E0,3.8991537E2,9.006664E0,1.4453326E0,1.9315825E0,1.8743918E0,7.037009E1,2.1295452E0,1.7662012E2,1.4450364E1,1.4688185E0,3.32103E0,7.749159E0,1.1678715E0,1.1943988E0,3.8560345E2,4.311922E0,1.847521E0,7.1591434E0],"tree_param":{"num_deleted":"0","num_feature":"30","num_nodes":"47","size_leaf_vector":"1"}},{"base_weights":[2.0547812E-3,-3.8700107E-1,1.3180376E0,6.062345E-1,-1.2432407E0,-7.6554805E-2,1.3308897E0,9.772014E-1,-7.8889316E-1,7.9844886E-1,-1.2898566E0,1.08407184E-1,4.0053546E-1,3.8790855E-1,1.2993453E0,-1.7136678E-2,-1.3110367E0,1.0229838E0,-8.376016E-2,-1.2998648E0,-1.5314257E-1,1.1122518E0,-4.773954E-1,1.3232067E0,-2.5044176E-1,-5.348945E-1,3.4832698E-1,-3.9881065E-1,-1.069809E-1,3.5973877E-1,1.00834064E-1,-1.3071822E0,-2.3566036E-2,2.5822374E-1,-2.8608853E-1,-3.8453478E-1,3.626356E-1,2.5527516E-2,4.0206328E-1,-2.4966468E-1,1.379108E-1,-3.9646944E-1,-1.9597246E-1],"categories":[],"categories_nodes":[],"categories_segments":[],"categories_sizes":[],"default_left":[0,0,0,0,0,0,0,0,0,0,0,0,0,0,0,0,0,0,0,0,0,0,0,0,0,0,0,0,0,0,0,0,0,0,0,0,0,0,0,0,0,0,0],"id":2,