{"learner":{"attributes":{"scikit_learn":"{\"_estimator_type\": \"classifier\"}"},"feature_names":["Average Packet Size","Bwd Packet Length Std","Bwd Header Length","Destination Port","Bwd Packet Length Max","Max Packet Length","Avg Bwd Segment Size","Packet Length Std","Bwd Packet Length Mean","Packet Length Mean","PSH Flag Count","Packet Length Variance","Bwd Packet Length Min","Fwd Packet Length Min","Fwd Packet Length Max","Init_Win_bytes_forward","Subflow Bwd Bytes","Total Length of Bwd Packets","Flow IAT Mean","Total Length of Fwd Packets","Min Packet Length","Fwd Packet Length Mean","Fwd IAT Max","Active Min","URG Flag Count","Fwd IAT Std","Subflow Fwd Packets","Flow IAT Max","Flow Bytes/s","Avg Fwd Segment Size"],"feature_types":["float","float","int","int","int","int","float","float","float","float","int","float","int","int","int","int","int","int","float","int","int","float","int","int","int","float","int","int","float","float"],"gradient_booster":{"model":{"gbtree_model_param":{"num_parallel_tree":"1","num_trees":"3"},"iteration_indptr":[0,1,2,3],"tree_info":[0,0,0],"trees":[{"base_weights":[4.9994178E-8,-5.948253E-1,1.9885613E0,9.714998E-1,-1.8230863E0,-6.450793E-2,6.0094607E-1,1.515583E0,-1.1019136E0,1.2748029E0,-1.8966067E0,-1.4887135E0,1.6125426E0,1.2568498E-1,-5.803443E-1,6.771823E-1,4.888787E-1,-1.9148644E0,3.026008E-1,-1.1766991E-1,-5.044201E-1,1.671618E0,-4.7063002E-1,1.5119396E0,-9.556543E-1,4.5293063E-1,-3.3118084E-1,-1.9252846E0,5.7021443E-2,3.2541972E-1,5.862405E-1,6.8828516E-2,4.9191758E-1,-4.8411545E-1,-6.715976E-2,-5.7990825E-1,-1.3577351E-1],"categories":[],"categories_nodes":[],"categories_segments":[],"categories_sizes":[],"default_left":[0,0,0,0,0,0,0,0,0,0,0,0,0,0,0,0,0,0,0,0,0,0,0,0,0,0,0,0,0,0,0,0,0,0,0,0,0],"id":0,"left_children":[1,3,5,7,9,-1,-1,11,13,15,17,19,21,23,-1,25,-1,27,-1,-1,-1,29,-1,31,33,-1,-1,35,-1,-1,-1,-1,-1,-1,-1,-1,-1],"loss_changes":[1.0518022E3,1.3185952E3,7.01416E0,3.417808E2,8.987329E1,0E0,0E0,7.209009E1,6.488564E1,9.1068935E-1,2.1848633E1,1.030653E0,4.6268982E1,4.116709E1,0E0,9.451831E0,0E0,8.557861E0,0E0,0E0,0E0,3.5765198E1,0E0,1.5903645E0,7.102683E0,0E0,0E0,3.3640137E0,0E0,0E0,0E0,0E0,0E0,0E0,0E0,0E0,0E0],"parents":[2147483647,0,0,1,1,2,2,3,3,4,4,7,7,8,8,9,9,10,10,11,11,12,12,13,13,15,15,17,17,21,21,23,23,24,24,27,27],"right_children":[2,4,6,8,10,-1,-1,12,14,16,18,20,22,24,-1,26,-1,28,-1,-1,-1,30,-1,32,34,-1,-1,36,-1,-1,-1,-1,-1,-1,-1,-1,-1],"split_conditions":[1.4969142E3,8E0,1.071341E3,3.2E1,5.3E1,-6.450793E-2,6.0094607E-1,2.45E2,9E1,1.5747667E4,4.41E7,9E1,2.9886E4,1.0177333E4,-5.803443E-1,6E0,4.888787E-1,1.2236588E3,3.026008E-1,-1.1766991E-1,-5.044201E-1,6E0,-4.7063002E-1,4.3E1,4E1,4.5293063E-1,-3.3118084E-1,1.87E2,5.7021443E-2,3.2541972E-1,5.862405E-1,6.8828516E-2,4.9191758E-1,-4.8411545E-1,-6.715976E-2,-5.7990825E-1,-1.3577351E-1],"split_indices":[1,0,7,2,3,0,0,15,3,18,25,3,15,18,0,4,0,1,0,0,0,5,0,18,2,0,0,13,0,0,0,0,0,0,0,0,0],"split_type":[0,0,0,0,0,0,0,0,0,0,0,0,0,0,0,0,0,0,0,0,0,0,0,0,0,0,0,0,0,0,0,0,0,0,0,0,0],"sum_hessian":[8.8721265E2,6.8347125E2,2.0374142E2,3.0048737E2,3.829839E2,1.2499474E0,2.0249149E2,2.3823997E2,6.224738E1,8.499642E0,3.7448425E2,6.9997053E0,2.3124026E2,2.5498926E1,3.6748455E1,4.249821E0,4.249821E0,3.724843E2,1.9999158E0,1.4999368E0,5.4997687E0,2.2749043E2,3.7498422E0,1.0999537E1,1.449939E1,2.9998736E0,1.2499474E0,3.707344E2,1.7499263E0,7.5496826E1,1.519936E2,1.2499474E0,9.74959E0,6.9997053E0,7.4996843E0,3.684845E2,2.2499053E0],"tree_param":{"num_deleted":"0","num_feature":"30","num_nodes":"37","size_leaf_vector":"1"}},{"base_weights":[-1.175131E-3,-4.5751134E-1,1.5311061E0,7.275033E-1,-1.4092448E0,-1.0979459E-1,4.6446553E-1,1.1377492E0,-8.434253E-1,1.005545E0,-1.4689451E0,1.2562523E0,-8.503695E-1,9.2343815E-2,-4.5232585E-1,5.1782316E-1,3.8946745E-1,-1.4868671E0,6.0042393E-1,1.3048427E0,-3.781251E-1,-5.591255E-1,3.7373853E-1,1.1646572E0,-7.2911495E-1,3.6541992E-1,-2.8106937E-1,-1.5050288E0,-7.34607E-1,3.1884652E-1,-5.850565E-2,2.6124632E-1,4.581221E-1,1.2169726E-1,4.2886436E-1,2.4382456E-1,-2.7704042E-1,-4.535089E-1,-1.0803936E-1,2.888701E-1,-3.5209268E-1],"categories":[],"categories_nodes":[],"categories_segments":[],"categories_sizes":[],"default_left":[0,0,0,0,0,0,0,0,0,0,0,0,0,0,0,0,0,0,0,0,0,0,0,0,0,0,0,0,0,0,0,0,0,0,0,0,0,0,0,0,0],"id":1,"left_children":[1,3,5,7,9,-1,-1,11,13,15,17,19,21,23,-1,25,-1,27,29,31,-1,-1,-1,33,35,-1,-1,37,39,-1,-1,-1,-1,-1,-1,-1,-1,-1,-1,-1,-1],"loss_changes":[5.7577325E2,7.165967E2,6.7008057E0,1.8351263E2,5.2253357E1,0E0,0E0,5.408545E1,3.6959938E1,6.254902E-1,1.3655212E1,2.7664337E1,3.0478312E1,2.3340508E1,0E0,6.308947E0,0E0,3.5594482E0,1.5560436E0,1.8851837E1,0E0,0E0,0E0,1.7242603E0,5.2673445E0,0E0,0E0,1.9934082E0,8.584917E0,0E0,0E0,0E0,0E0,0E0,0E0,0E0,0E0,0E0,0E0,0E0,0E0],"parents":[2147483647,0,0,1,1,2,2,3,3,4,4,7,7,8,8,9,9,10,10,11,11,12,12,13,13,15,15,17,17,18,18,19,19,23,23,24,24,27,27,28,28],"right_children":[2,4,6,8,10,-1,-1,12,14,16,18,20,22,24,-1,26,-1,28,30,32,-1,-1,-1,34,36,-1,-1,38,40,-1,-1,-1,-1,-1,-1,-1,-1,-1,-1,-1,-1],"split_conditions":[1.4541805E3,8E0,1.071341E3,3.2E1,5.3E1,-1.0979459E-1,4.6446553E-1,4.9329E4,9E1,1.5747667E4,4.06E7,2.9886E4,6E0,1.0177333E4,-4.5232585E-1,6E0,3.8946745E-1,9.906447E2,9.5E1,6E0,-3.781251E-1,-5.591255E-1,3.7373853E-1,1E0,2.31E2,3.6541992E-1,-2.8106937E-1,1.87E2,2.209E3,3.1884652E-1,-5.850565E-2,2.6124632E-1,4.581221E-1,1.2169726E-1,4.2886436E-1,2.4382456E-1,-2.7704042E-1,-4.535089E-1,-1.0803936E-1,2.888701E-1,-3.5209268E-1],"split_indices":[1,0,7,2,3,0,0,3,3,18,25,15,4,18,0,4,0,1,21,5,0,0,0,22,15,0,0,13,4,0,0,0,0,0,0,0,0,0,0,0,0],"split_type":[0,0,0,0,0,0,0,0,0,0,0,0,0,0,0,0,0,0,0,0,0,0,0,0,0,0,0,0,0,0,0,0,0,0,0,0,0,0,0,0,0],"sum_hessian":[8.2143085E2,6.3347424E2,1.8795665E2,2.8226202E2,3.512122E2,1.4980052E0,1.8645863E2,2.2403209E2,5.822993E1,8.091235E0,3.4312097E2,2.117771E2,1.2254991E1,2.4533348E1,3.3696583E1,4.0730867E0,4.0181484E0,3.4045395E2,2.6670275E0,2.0823807E2,3.539026E0,8.335906E0,3.9190838E0,1.0460569E1,1.407278E1,2.8593788E0,1.2137078E0,3.3145105E2,9.002898E0,1.474025E0,1.1930023E0,7.218255E1,1.3605553E2,3.3611546E0,7.099415E0,1.2191408E0,1.2853639E1,3.2921344E2,2.237602E0,1.6048009E0,7.398097E0],"tree_param":{"num_deleted":"0","num_feature":"30","num_nodes":"41","size_leaf_vector":"1"}},{"base_weights":[-9.866724E-4,-3.8306034E-1,1.3331372E0,5.95318E-1,-1.1973933E0,5.385877E-2,4.0253082E-1,9.303636E-1,-6.89827E-1,8.4930444E-1,-1.251084E0,4.0208158E-1,1.2647171E0,9.500373E-2,-3.915974E-1,4.180301E-1,3.3245865E-1,-1.2926292E0,-1.4611673E-1,1.3069288E0,-2.0802138E0,1.2993698E0,-3.0318713E-1,9.64293E-1,-5.4309845E-1,3.1219977E-1,-2.4487172E-1,-1.3129305E0,-6.115903E-1,-8.1433153E-1,4.8323315E-1,-2.3852356E-1,4.0990427E-1,-3.3248302E-1,-6.6072375E-1,-1.3545859E-2,3.9507726E-1,9.567633E-2,3.644426E-1,-3.4100324E-1,9.52532E-3,-3.9546677E-1,-2.4324827E-2,3.9030427E-1,-3.034898E-1,-3.6523485E-1,2.771507E-1],"categories":[],"categories_nodes":[],"categories_segments":[],"categories_sizes":[],"default_left":[0,0,0,0,0,0,0,0,0,0,0,0,0,0,0,0,0,0,0,0,0,0,0,0,0,0,0,0,0,0,0,0,0,0,0,0,0,0,0,0,0,0,0,0,0,0,0],"id":2,"left_children":[1,3,5,7,9,-1,-1,11,13,15,17,19,21,23,-1,25,-1,27,29,31,33,35,-1,37,39,-1,-1,41,43,45,-1,-1,-1,-1,-1,-1,-1,-1,-1,-1,-1,-1,-1,-1,-1,-1,-1],"loss_changes":[3.5895377E2,4.368583E2,1.3203125E0,1.08E2,3.392914E1,0E0,0E0,3.4499786E1,2.530828E1,4.568801E-1,1.320871E1,1.7855829E2,1.0846603E1,1.3751718E1,0E0,4.459104E0,0E0,3.084137E0,1.5050732E1,8.328896E0,8.885193E-2,2.8807373E0,0E0,1.3029308E0,4.946944E0,0E0,0E0,1.6671448E0,8.975172E0,7.5307517E0,0E0,0E0,0E0,0E0,0E0,0E0,0E0,0E0,0E0,0E0,0E0,0E0,0E0,0E0,0E0,0E0,0E0],"parents":[2147483647,0,0,1,1,2,2,3,3,4,4,7,7,8,8,9,9,10,10,11,11,12,12,13,13,15,15,17,17,18,18,19,19,20,20,21,21,23,23,24,24,27,27,28,28,29,29],"right_children":[2,4,6,8,10,-1,-1,12,14,16,18,20,22,24,-1,26,-1,28,30,32,34,36,-1,38,40,-1,-1,42,44,46,-1,-1,-1,-1,-1,-1,-1,-1,-1,-1,-1,-1,-1,-1,-1,-1,-1],